Business Name,Phone Number,Category,City
GrayRobinson Law Firm,(407) 843-8880,Law Office,Orlando
Florida Law Advisers,(800) 990-7763,Law Office,Orlando
The Pendas Law Firm,(407) 352-3535,Law Office,Orlando
The Orlando Law Group,(407) 955-4848,Law Office,Orlando
O&L Law Group P.L.,(813) 769-3985,Law Office,Tampa
Duane Morris LLP,(512) 277-2300,Law Office,Austin
Lovins Law,(512) 535-1649,Law Office,Austin
The Moster Law Firm,(512) 887-4708,Law Office,Austin
Cofer & Connelly PLLC,(512) 991-0576,Law Office,Austin
Lovins Law Dallas,(214) 305-6700,Law Office,Dallas
Californios Restaurant,(415) 757-0994,Restaurant,San Francisco
Chotto Matte SF,(628) 241-1422,Restaurant,San Francisco
Charmaine's Rooftop Lounge,(628) 895-2039,Restaurant,San Francisco
Portland Coffee Roasters,(503) 236-7378,Coffee Shop,Portland
The Coffee Shop Portland,(314) 192-5352,Coffee Shop,Portland
Aria Las Vegas,(702) 590-7757,Hotel,Las Vegas
Bellagio,(702) 693-7111,Hotel,Las Vegas
Caesars Palace,(702) 731-7110,Hotel,Las Vegas
Excalibur Hotel,(702) 597-7777,Hotel,Las Vegas
Flamingo Las Vegas,(702) 733-3111,Hotel,Las Vegas
Harrah's Las Vegas,(702) 369-5000,Hotel,Las Vegas
MGM Grand,(702) 891-1111,Hotel,Las Vegas
Mandalay Bay,(702) 632-7000,Hotel,Las Vegas
Arizona Motel,(602) 275-9842,Hotel,Phoenix
B-W Plus InnSuites Phoenix,(602) 997-6285,Hotel,Phoenix
B-W Downtown Phoenix,(602) 452-2020,Hotel,Phoenix
Bell Hotel Inn,(602) 993-8300,Hotel,Phoenix
Cambria Hotel Scottsdale,(480) 676-5301,Hotel,Scottsdale
City Center Motel,(602) 252-1706,Hotel,Phoenix
Auto Station LLC,(615) 255-8111,Car Dealership,Nashville
Crystal Auto Sales,(615) 486-2437,Car Dealership,Nashville
321 Drive,(615) 321-1234,Car Dealership,Nashville
TN Auto Sale Inc,(615) 832-6363,Car Dealership,Nashville
RP Auto Sales,(615) 554-4412,Car Dealership,Nashville
Corwin Honda Fargo,(701) 282-7000,Car Dealership,Fargo
Dealers Auto Auction Group,(678) 889-7776,Car Dealership,Atlanta
Bank of Texas Austin,(512) 275-0698,Bank,Austin
Bank of Texas Dallas,(972) 892-9959,Bank,Dallas
Bank of Texas San Antonio,(210) 568-7687,Bank,San Antonio
John F. Coggin CPA PLLC,(210) 413-4019,Accounting,San Antonio
APRIO,(210) 829-1793,Accounting,San Antonio
Warren Averett Atlanta,(770) 396-1100,Accounting,Atlanta
CPA Firm NYC,(646) 865-1444,Accounting,New York
CPATAX SERVICES INC,(847) 439-0250,Accounting,Itasca
John Joseph Griffin CPA,(773) 545-6750,Accounting,Chicago
John A. Knutson & Co PLLP,(651) 641-1099,Accounting,Minneapolis
CPA Accounting Orlando,(407) 382-6658,Accounting,Orlando
Composure Studios,(832) 800-1110,Photography,Houston
Hudson Loft Photography,(213) 479-0215,Photography,Los Angeles
Photographers of Las Vegas,(702) 483-1585,Photography,Las Vegas
RTP Studio,(919) 208-9458,Photography,Raleigh