Company,Website,Vertical,City/Metro,List Source
Team Clean,https://team-clean.com/,Commercial Janitorial,"Philadelphia, PA",WebSearch: Philadelphia PA
Mac's Facility Solutions,https://macsjanitorial.com/,Commercial Janitorial,"Moorestown, NJ (serves Philadelphia)",WebSearch: Philadelphia PA
Elite Management Janitorial Services,https://elitejanitorialservicespa.com/,Commercial Janitorial,"Morton, PA",WebSearch: Philadelphia family-owned
CNS Cleaning Company,https://cnscleaningco.com/,Commercial Janitorial,"Bristol / Philadelphia, PA",WebSearch: Philadelphia family-owned
Janitorial Management Incorporated (JMI),https://jmicleans.com/,Commercial Janitorial,"Jamison, PA (PA/NJ/DE)",WebSearch: King of Prussia PA
D&D CleanIt,https://www.ddcleanit.com/,Commercial Janitorial,"Audubon, PA (King of Prussia)",WebSearch: King of Prussia PA
Ziva Cleaning Services,https://zivacleaning.com/,Commercial Janitorial,"Wyomissing/Reading, PA (serves King of Prussia)",WebSearch: King of Prussia PA
Terran's Spic & Span Cleaning Service LLC,https://www.spicandspanllc.com/,Commercial Janitorial,"King of Prussia, PA",WebSearch: King of Prussia PA
Spotless Commercial Cleaning,https://spotlesscc.com/,Commercial Janitorial,"King of Prussia, PA",WebSearch: King of Prussia PA
Bucks County Cleaning,https://buckscountycleaning.com/,Commercial Janitorial,"Bristol, PA",WebSearch: Bucks County PA
"S&S Cleaning, Inc.",https://www.sandscleaninginc.com/,Commercial Janitorial,"Feasterville-Trevose, PA",WebSearch: Bucks County PA
Upclean LLC,https://www.upcleanus.com/,Commercial Janitorial,"Newtown Square, PA (Delaware County)",WebSearch: Delaware County PA
Brandywine Maintenance,https://www.brandywinemaintenance.com/,Commercial Janitorial,"West Chester, PA",WebSearch: Malvern/Exton/Coatesville PA
J&T Commercial Cleaning Services,https://jandtcleaningservices.com/,Commercial Janitorial,"Chester/Delaware/Montgomery Counties, PA",WebSearch: King of Prussia PA
Maid to Work,https://www.maid-towork.com/,Commercial Janitorial,"Montgomery County, PA",WebSearch: Montgomery County PA
Diversified Contract Cleaning Services (DCCS NJ),https://diversifiedcontractcleaning.com/,Commercial Janitorial,"Cherry Hill, NJ",WebSearch: Cherry Hill NJ
Maximum Cleaning L&L,https://maximumcleaninglyl.com/,Commercial Janitorial,"Lawrence Township, NJ (Mercer County)",WebSearch: Trenton NJ / Mercer County
"D.M. Cleaning, Inc.",https://www.dm-cleaning.com/,Commercial Janitorial,"Trenton, NJ / Bristol, PA",WebSearch: Trenton NJ / Mercer County
Amped Property Services,https://ampedpropertyservices.com/,Commercial Janitorial,"Wilmington, DE",WebSearch: Wilmington DE
Gemini Janitorial Services,https://geminillc.net/,Commercial Janitorial,"Wilmington, DE",WebSearch: Wilmington DE
Done Rite Building Services,https://doneriteservices.com/,Commercial Janitorial,"Norristown, PA",WebSearch: Norristown/Conshohocken PA
Queenan Facility Services,https://queenancleaning.com/,Commercial Janitorial,"Conshohocken, PA",WebSearch: Norristown/Conshohocken PA
Kleen-Tek,https://www.kleen-tek.com/,Commercial Janitorial,"Wilmington, DE",WebSearch: Wilmington DE
Millennium Building Solutions,https://millenniumbsinc.com/,Commercial Janitorial,"Jeffersonville, PA",WebSearch: Norristown/Conshohocken PA
Main Line Building Services,https://www.mainlinebuildingservices.com/,Commercial Janitorial,"Springfield, PA (also Wilmington, DE)",WebSearch: Ardmore/Wayne/Main Line PA
BCS Facilities Group,https://www.bcsfacilities.com/,Commercial Janitorial,"Newtown, PA",WebSearch: Lansdale/Willow Grove PA
Deep Sweep Cleaning,https://www.deepsweepcleaning.com/,Commercial Janitorial,"Royersford, PA",WebSearch: Pottstown/Phoenixville PA
S&S Cleaning Service,https://ss-commercialcleaning.com/,Commercial Janitorial,"West Chester, PA",WebSearch: Malvern/Exton/Coatesville PA
Campbell's Cleaning LLC,https://campbells-cleaning.com/,Commercial Janitorial,"Malvern, PA",WebSearch: Malvern/Exton/Coatesville PA
Genie Janitorial (Genie Building Maintenance),https://geniejanitorial.com/,Commercial Janitorial,"Sewell, NJ",WebSearch: Glassboro/Deptford/Woodbury NJ
AO Professional Cleaning LLC,https://www.aoprofessionalcleaning.com/,Commercial Janitorial,"Philadelphia, PA",WebSearch: Philadelphia family-owned
Ray Simmons Cleaning,https://www.raysimmonscleaning.com/,Commercial Janitorial,"Willow Grove, PA",WebSearch: Philadelphia family-owned
CBM Corp (Commercial Building Maintenance Corp),https://cbmcorp.net/,Commercial Janitorial,"Mount Laurel, NJ",WebSearch: Burlington County NJ
Commercial Cleaning Corporation,https://commercialcleaningcorp.com/,Commercial Janitorial,"Trenton, NJ (serves Burlington County)",WebSearch: Burlington County NJ
"Dominguez Cleaning Services, Inc",https://dominguez-cleaning-service.com/,Commercial Janitorial,"Philadelphia, PA (Ardmore/Main Line)",WebSearch: Ardmore/Wayne/Main Line PA
Mr. Squeaky and Mrs. Clean,https://www.msmcclean.com/,Commercial Janitorial,"Drexel Hill, PA",WebSearch: Havertown/Drexel Hill/Upper Darby PA
Chestnut Hill Cleaning Company,https://chestnuthillcleaning.com/,Commercial Janitorial,"Philadelphia, PA (Chestnut Hill)",WebSearch: Roxborough/Manayunk/Chestnut Hill Philadelphia
Cox Cleaning Services,https://www.coxcleaningservices.net/,Commercial Janitorial,"Vineland, NJ",WebSearch: South Jersey Gloucester/Salem County
Optimal Cleaning Service,https://optimalcleaningnj.com/,Commercial Janitorial,"Cherry Hill, NJ (Burlington/Trenton area)",WebSearch: Cherry Hill NJ family-owned
Workers For Warriors,https://www.workersforwarriors.com/,Commercial Janitorial,"Allentown, PA (serves Conshohocken/Philly suburbs)",WebSearch: Conshohocken PA
