Company,Website,Form URL,City,Est. Size,Owner Name,Phone,Ticket Signal,Notes
Team Clean,https://team-clean.com/,https://team-clean.com/ (homepage 'Free Consultation' form),"Philadelphia, PA","Mid-Large (500+ customers, 12M+ sq ft cleaned)",Donna Allie,267-514-8326,"Serves government, education, commercial offices, healthcare, stadiums, industrial","Founded 1983, minority/woman-owned, founder still active day-to-day. Independent, not a franchise."
Mac's Facility Solutions,https://macsjanitorial.com/,https://macsjanitorial.com/request-a-quote/,"Moorestown, NJ (serves Philadelphia)",Mid,,(856) 231-9009,"Serves banking, healthcare, education, government, pharma, manufacturing","Independent company, no franchise indicators."
Elite Management Janitorial Services,https://elitejanitorialservicespa.com/,https://elitejanitorialservicespa.com/quoteform/,"Morton, PA",Small-Mid,,(215) 558-5252,"Clients include American Airlines, hospitals, banks, warehouses, schools","Family-owned, 10+ years, serves Montgomery/Delaware/Philadelphia/Bucks counties."
CNS Cleaning Company,https://cnscleaningco.com/,https://cnscleaningco.com/contact,"Bristol / Philadelphia, PA","Large (1,200+ staff nationwide, 10+ states)",Bill Dunn (President),(215) 985-1830,"Offices, banks, manufacturing, warehouses, healthcare, universities; 97% client retention claimed","SOLID/SOPHISTICATED FLAG: describes itself as 'one of the largest family-owned commercial cleaning companies in the U.S.' Independently owned (not franchise) but large, multi-state operation - likely has mature lead intake. Worth an interview call, not just a pitch."
Janitorial Management Incorporated (JMI),https://jmicleans.com/,https://jmicleans.com/ (homepage estimate form),"Jamison, PA (PA/NJ/DE)",Mid,,215-345-1996,"Corporate HQs, large office complexes, industrial/manufacturing facilities","20+ years in business, independent, offices in Jamison PA, Cherry Hill NJ, Valley Forge PA."
D&D CleanIt,https://www.ddcleanit.com/,https://www.ddcleanit.com/contact,"Audubon, PA (King of Prussia)",Small-Mid,,1-610-539-5212,"Office buildings, medical/dental, healthcare, hospitality, multi-tenant properties",Family-owned and owner-operated per site copy.
Ziva Cleaning Services,https://zivacleaning.com/,https://zivacleaning.com/contact,"Wyomissing/Reading, PA (serves King of Prussia)",Small-Mid,,(484) 818-9312,"Clients include Revolve Group, Morgan Properties, Cintas, Goddard School","HQ ~55 mi from Philadelphia (Reading/Berks County) but explicitly serves King of Prussia and Philly suburbs, so kept."
Terran's Spic & Span Cleaning Service LLC,https://www.spicandspanllc.com/,https://www.spicandspanllc.com/request-quote,"King of Prussia, PA",Small-Mid,Terran Copeland (Founder & CEO),267-393-0909,"Office buildings, industrial complexes, warehouses, food processing, schools","Independent, serves Abington, Doylestown, King of Prussia, Norristown, Philadelphia, West Chester."
Spotless Commercial Cleaning,https://spotlesscc.com/,https://spotlesscc.com/contact/,"King of Prussia, PA",Small,,267.217.2003,Positions itself as cleaning consultants; general commercial clients,"Form confirmed with fields: URL, name, business name, email, phone, message."
Bucks County Cleaning,https://buckscountycleaning.com/,https://buckscountycleaning.com/ (homepage contact form),"Bristol, PA",Small-Mid,,215-781-8022,"Airports, hospitals, distribution centers, manufacturing facilities",Serves Bucks County and NJ (Trenton/Princeton/Burlington Co).
"S&S Cleaning, Inc.",https://www.sandscleaninginc.com/,https://www.sandscleaninginc.com/contact,"Feasterville-Trevose, PA",Small-Mid,"Steve (owner, per testimonial)",(215) 801-7242,"Weekly commercial accounts: carpet shampooing, floor stripping/waxing, deep cleans","Family-owned since 1992. NOTE: distinct company from 'S&S Cleaning Service' (West Chester) below - similar name, different owners/domains."
Upclean LLC,https://www.upcleanus.com/,https://www.upcleanus.com/ (homepage embedded form),"Newtown Square, PA (Delaware County)",Small,,484-273-8184,"Businesses, property managers, contractors, realtors; office/janitorial/post-construction","Locally woman-owned, since 2018, serves Delco/Main Line."
Brandywine Maintenance,https://www.brandywinemaintenance.com/,https://brandywinemc.com/free-quote,"West Chester, PA",Small-Mid,Ed Myers / Dan Melbye,610-455-4264,"Multi-tenant office buildings, apartment communities, car dealerships, cyber charter school","30+ years experience, 100+ 5-star reviews."
J&T Commercial Cleaning Services,https://jandtcleaningservices.com/,https://jandtcleaningservices.com/contact/,"Chester/Delaware/Montgomery Counties, PA",Small-Mid,,(610) 400-4372,"Offices, medical facilities, gyms, industrial facilities; 100+ Google reviews","Family-owned since 2010, explicitly 'not a franchise'."
Maid to Work,https://www.maid-towork.com/,https://www.maid-towork.com/contactus,"Montgomery County, PA",Small,,(484) 961-0499,"Small & large office spaces, municipal buildings, country clubs, medical offices","Serves Blue Bell, Plymouth Meeting, Conshohocken, King of Prussia, Ambler."
Diversified Contract Cleaning Services (DCCS NJ),https://diversifiedcontractcleaning.com/,https://diversifiedcontractcleaning.com/contact/,"Cherry Hill, NJ",Small-Mid,,(856) 874-1609,"Auto dealerships, medical offices, schools, industrial facilities","Operates related brands (Daycare Cleaning Services, Education Facility Management)."
Maximum Cleaning L&L,https://maximumcleaninglyl.com/,https://maximumcleaninglyl.com/contact/#contact-1,"Lawrence Township, NJ (Mercer County)",Small,,(609) 757-7888,"$2,000,000 commercial liability coverage; restaurants, medical, warehouses, offices",Explicitly states 'We are not a franchise.' Since 2018.
"D.M. Cleaning, Inc.",https://www.dm-cleaning.com/,https://www.dm-cleaning.com/commercial-cleaning-services-trenton-nj (embedded form),"Trenton, NJ / Bristol, PA",Small,,(215) 788-3252,"Offices, schools, retail spaces, medical facilities, industrial properties","Serves Trenton, Bristol, Levittown, Morrisville."
Amped Property Services,https://ampedpropertyservices.com/,https://ampedpropertyservices.com/contact-amped-property-services,"Wilmington, DE",Small-Mid,,(302) 353-4732,GPS-verified commercial cleaning/porter service; downloadable cost guide for businesses,Site explicitly markets itself against franchise competitors ('The Local Advantage').
Gemini Janitorial Services,https://geminillc.net/,https://geminillc.net/ (homepage contact form),"Wilmington, DE",Small-Mid,Janet Killian-Welte,(302) 654-5310,Businesses of all sizes across Wilmington/New Castle County,Founded 1984 (40+ years).
Done Rite Building Services,https://doneriteservices.com/,https://doneriteservices.com/cleaning-services/janitorial-services/ (embedded form),"Norristown, PA",Small-Mid,,610-239-0511,General commercial janitorial across Philadelphia suburbs,"Also advertises '24 Hour Emergency Service' as an add-on; core business is standard commercial janitorial, general quote form is separate from emergency line."
Queenan Facility Services,https://queenancleaning.com/,https://queenancleaning.com/ (homepage #contact form),"Conshohocken, PA",Small-Mid,,(610) 629-3397,"20+ cities served, 8 service lines, Montgomery/Bucks/Chester/Philadelphia counties","Family-owned, 25+ years; operates as 'A Queenan Cleaning Services, LLC Company.'"
Kleen-Tek,https://www.kleen-tek.com/,https://www.kleen-tek.com/contact-us,"Wilmington, DE",Small,,302-376-0204,Commercial and industrial facilities across New Castle County,Female-owned per search listing; 20+ years experience.
Millennium Building Solutions,https://millenniumbsinc.com/,"https://millenniumbsinc.com/ (homepage embedded form, 2 instances)","Jeffersonville, PA",Small-Mid,,(888) 606-7120,"Serves Philadelphia, King of Prussia, West Chester, Norristown, Plymouth Meeting, Media, Exton",Form captures phone/name/message but no email field - still a genuine web form.
Main Line Building Services,https://www.mainlinebuildingservices.com/,https://www.mainlinebuildingservices.com/get-quote/,"Springfield, PA (also Wilmington, DE)",Small-Mid,,610-229-9063,"Offices, medical facilities, retail stores, government facilities","12+ years experience, serves Chester/Delaware/Montgomery/Philadelphia counties."
BCS Facilities Group,https://www.bcsfacilities.com/,https://www.bcsfacilities.com/ (homepage contact form),"Newtown, PA",Mid,,215-550-1820,"Office spaces, car dealerships, manufacturing plants, baseball stadiums",Family-owned 30+ years; also has offices in Scranton PA and Endicott NY (multi-state but not a franchise).
Deep Sweep Cleaning,https://www.deepsweepcleaning.com/,https://www.deepsweepcleaning.com/request-free-quote,"Royersford, PA",Small,,(484) 206-5334,"Corporate offices, manufacturing facilities, warehouses","Family-owned local business, founded 2021."
S&S Cleaning Service,https://ss-commercialcleaning.com/,https://ss-commercialcleaning.com/contact-us,"West Chester, PA",Small-Mid,,(610) 331-6137,General commercial office cleaning; $125-off promo suggests recurring commercial accounts,"Veteran & family owned since 1993. NOTE: distinct company from 'S&S Cleaning, Inc.' (Feasterville-Trevose) above - similar name, different owners/domains."
Campbell's Cleaning LLC,https://campbells-cleaning.com/,https://campbells-cleaning.com/ (homepage form),"Malvern, PA",Small,,(484) 749-7975,"Corporate offices, churches, schools, public buildings, retail, medical, industrial","Locally owned and operated since 2018, serves 100+ Chester County municipalities."
Genie Janitorial (Genie Building Maintenance),https://geniejanitorial.com/,https://geniejanitorial.com/request-quote/,"Sewell, NJ",Small-Mid,,856-423-9100,"Commercial cleaning, warehouse cleaning, commercial property cleanouts","Founded 1979 (45+ years), serves South Jersey plus PA & DE."
AO Professional Cleaning LLC,https://www.aoprofessionalcleaning.com/,https://www.aoprofessionalcleaning.com/ (homepage form),"Philadelphia, PA",Small,Oscar,(267) 230-9445,"Commercial cleaning, pressure washing, janitorial; next-day service capability","Family-owned, based in South Philadelphia, serves PA/DE/NJ tri-state."
Ray Simmons Cleaning,https://www.raysimmonscleaning.com/,https://www.raysimmonscleaning.com/contact-us,"Willow Grove, PA",Small-Mid,,(267) 716-1802,"Retail spaces, offices, medical buildings; 35+ years experience","Family-owned and operated, serves Willow Grove/Horsham/Philadelphia."
CBM Corp (Commercial Building Maintenance Corp),https://cbmcorp.net/,https://cbmcorp.net/contact-us/,"Mount Laurel, NJ","Large (2,000+ staff claimed)",,1-800-772-3439,"Enterprise HQ accounts; partnerships referenced with Gartner, AFCOM, 7x24 Exchange","SOLID/SOPHISTICATED FLAG: founded 1975, claims 2,000 trained staff and has expanded to Long Island/NYC/Northern NJ. Single company (not franchise) but enterprise scale - likely has a mature lead process already. Interview candidate, not a cold pitch."
Commercial Cleaning Corporation,https://commercialcleaningcorp.com/,https://commercialcleaningcorp.com/ (homepage gravity form),"Trenton, NJ (serves Burlington County)",Mid,,609-695-6255,"Corporate offices, medical practices, business parks, warehouses, schools",Detailed quote form captures square footage and industry - suggests a real intake process.
"Dominguez Cleaning Services, Inc",https://dominguez-cleaning-service.com/,https://dominguez-cleaning-service.com/Commercial-Cleaning_Ardmore_PA.htm ('Get a Price' form),"Philadelphia, PA (Ardmore/Main Line)",Small-Mid,,(267) 609-6035,"Offices, banks, education, property management, medical, law firms, airports","13+ years in business, based in Philadelphia, serves Main Line/Delco."
Mr. Squeaky and Mrs. Clean,https://www.msmcclean.com/,https://www.msmcclean.com/cleaning-estimate,"Drexel Hill, PA",Small,,(267) 703-9234,"Offices, retail, educational facilities","Full-service commercial cleaning, Delaware County."
Chestnut Hill Cleaning Company,https://chestnuthillcleaning.com/,https://chestnuthillcleaning.com/commercial-cleaning/,"Philadelphia, PA (Chestnut Hill)",Small,Jonathan Williams (Founder & CEO),215-919-9328,"Business clients referenced (boutique retailer, church, office reception cleaning)",Also does residential; commercial is an explicit service line with its own quote form.
Cox Cleaning Services,https://www.coxcleaningservices.net/,https://www.coxcleaningservices.net/ (homepage #contact form),"Vineland, NJ",Small,,(856) 238-9085,"Offices, medical, gyms, schools, industrial; 'hundreds of commercial and residential clients across four counties'","Small family operation since 2018; ~45 miles from Philadelphia, edge of radius."
Optimal Cleaning Service,https://optimalcleaningnj.com/,https://optimalcleaningnj.com/contact/,"Cherry Hill, NJ (Burlington/Trenton area)",Small,Steve Kumke,609-880-3885,"Business offices, dental offices, law offices, apartment/rental complexes","Family-owned, small, explicitly positions against 'big cleaning companies.'"
Workers For Warriors,https://www.workersforwarriors.com/,https://www.workersforwarriors.com/request-a-quote/,"Allentown, PA (serves Conshohocken/Philly suburbs)",Small-Mid,,,Commercial buildings of varying scale; veteran-staffing angle,"HQ in Allentown (~60 mi from Philadelphia) but explicitly serves Conshohocken and Philly-area commercial accounts. Single independent company, Corporate Champion of Wounded Warrior Project - no owner name found."
